source_row,record_type,source_bpm_id,source_gas_id,source_name,source_address,source_url,runtime_domain,runtime_name,parent_source_row,configured_srv_num,mapped_srv_num,confirmed_srv_nums,building_id,building_name,building_id_status,mapping_status,source_id_conflict
5,first_instance,DictValue468354902,03RS0012,Кумертауский межрайонный суд Республики Башкортостан,"453300, г. Кумертау, ул. 40 лет Победы, д.38, корп.1",https://kumertauskiy.bkr.sudrf.ru/modules.php?name=sud_delo,kumertauskiy--bkr.sudrf.ru,Кумертауский межрайонный суд,,1,1,[1],,,,party_search_page_confirmed_srv1_cards_pending,False
6,appeal,DictValue468541908,03OS0000,Верховный суд Республики Башкортостан,"450002, Республика Башкортостан, г. Уфа, ул. Пушкина, 88/1",https://vs.bkr.sudrf.ru/modules.php?name=sud_delo,vs--bkr.sudrf.ru,Верховный суд Республики Башкортостан,,1,1,[1],,,,party_search_page_confirmed_srv1_cards_pending,False
7,judicial_presence,DictValue500579137,03RS0060_Kirgiz,Стерлибашевский межрайонный суд Ресублики Башкорстостан (судебное присутствие в с. Киргиз-Мияки),"452080, Республика Башкортостан, село Киргиз-Мияки, улица Сооветская д.12",https://sterlibashevsky.bkr.sudrf.ru/modules.php?name=sud_delo,sterlibashevsky--bkr.sudrf.ru,Стерлибашевский межрайонный суд,64,,1,[1],913410002,Постоянное судебное присутствие в с. Киргиз-Мияки,named_catalog_entry,confirmed_shared_srv1_catalog_portfolio_completeness_unverified,False
8,judicial_presence,DictValue519674444,03RS0040_Akiar,Зилаирский межрайонный суд Республики Башкортостан (судебное присутствие в с. Акъяр),"453800, Хайбуллинский р-н, с. Акъяр, ул. М. Акмуллы, д. 24",https://zilairsky.bkr.sudrf.ru/modules.php?name=sud_delo,zilairsky--bkr.sudrf.ru,Зилаирский межрайонный суд,48,,1,[1],913410000,"ПСП в с. Акъяр, Хайбуллинского района",named_catalog_entry,confirmed_shared_srv1_catalog_portfolio_completeness_unverified,True
9,judicial_presence,DictValue536284009,03RS0025_Buraevo,Балтачевский межрайонный суд Республики Башкортостан (судебное присутствие в с. Бураево),"452960, Республика Башкортостан, с.Бураево, ул.Ленина, д.102",https://baltachevsky.bkr.sudrf.ru/modules.php?name=sud_delo,baltachevsky--bkr.sudrf.ru,Балтачевский межрайонный суд,10,,1,[1],913410000,Постоянное судебное присутствие в с. Бураево Бураевского района Республики Башкортостан,named_catalog_entry,confirmed_shared_srv1_catalog_portfolio_completeness_unverified,False
10,first_instance,DictValue536725329,03RS0025,Балтачевский межрайонный суд Республики Башкортостан,"452980, РБ, Балтачевский район, с. Старобалтачево, ул. Кирова, 3",https://baltachevsky.bkr.sudrf.ru/modules.php?name=sud_delo,baltachevsky--bkr.sudrf.ru,Балтачевский межрайонный суд,,1,1,[1],,,,party_search_page_confirmed_srv1_cards_pending,False
11,judicial_presence,DictValue713418865,03RS0010_starosubhangulovo,Белорецкий межрайонный суд Республики Башкортостан (судебное присутствие в с. Старосубхангулово),"453580, Республика Башкортостан, Бурзянский район, с. Старосубхангулово, ул. Ленина, д. 55",https://belorecky.bkr.sudrf.ru/modules.php?name=sud_delo,belorecky--bkr.sudrf.ru,Белорецкий межрайонный суд,36,,1,[1],913410002,ПСП в с. Старосубхангулово,named_catalog_entry,confirmed_shared_srv1_catalog_portfolio_completeness_unverified,False
12,judicial_presence,DictValue713418868,03RS0010_mezhgorie,Белорецкий межрайонный суд Республики Башкортостан (судебное присутствие в г. Межгорье),"453570, Республика Башкортостан, г. Межгорье, ул. Цветочная, д. 8",https://belorecky.bkr.sudrf.ru/modules.php?name=sud_delo,belorecky--bkr.sudrf.ru,Белорецкий межрайонный суд,36,,1,[1],913410001,ПСП в г. Межгорье,named_catalog_entry,confirmed_shared_srv1_catalog_portfolio_completeness_unverified,False
13,first_instance,TERRITORIAL_COURT_7950,03RS0001,Демский районный суд г. Уфы,"450024, г. Уфа, ул. Правды, д. 2/1",https://demsky.bkr.sudrf.ru/modules.php?name=sud_delo,demsky--bkr.sudrf.ru,Демский районный суд г. Уфы,,1,1,[1],,,,party_search_page_confirmed_srv1_cards_pending,False
14,first_instance,TERRITORIAL_COURT_7951,03RS0002,Калининский районный суд г. Уфы,"450043, г. Уфа, ул. Мушникова, д. 11/1",https://kalininsky.bkr.sudrf.ru/modules.php?name=sud_delo,kalininsky--bkr.sudrf.ru,Калининский районный суд г. Уфы,,1,1,[1],,,,party_search_page_confirmed_srv1_cards_pending,False
15,first_instance,TERRITORIAL_COURT_7952,03RS0003,Кировский районный суд г. Уфы,"450002, г. Уфа, ул. Матросова, д. 1",https://kirovsky.bkr.sudrf.ru/modules.php?name=sud_delo,kirovsky--bkr.sudrf.ru,Кировский районный суд г. Уфы,,1,1,[1],,,,party_search_page_confirmed_srv1_cards_pending,False
16,first_instance,TERRITORIAL_COURT_7953,03RS0004,Ленинский районный суд г. Уфы,"450076, г. Уфа, ул. Аксакова, д. 71",https://leninsky.bkr.sudrf.ru/modules.php?name=sud_delo,leninsky--bkr.sudrf.ru,Ленинский районный суд г. Уфы,,1,1,[1],,,,party_search_page_confirmed_srv1_cards_pending,False
17,first_instance,TERRITORIAL_COURT_7954,03RS0005,Октябрьский районный суд г. Уфы,"450096, г. Уфа, ул. Шафиева, д. 27/2",https://oktiabrsky.bkr.sudrf.ru/modules.php?name=sud_delo,oktiabrsky--bkr.sudrf.ru,Октябрьский районный суд г. Уфы,,1,1,[1],,,,party_search_page_confirmed_srv1_cards_pending,False
18,first_instance,TERRITORIAL_COURT_7955,03RS0006,Орджоникидзевский районный суд г. Уфы,"450112, г. Уфа, ул. Ульяновых, д. 51",https://ordjonikidzovsky.bkr.sudrf.ru/modules.php?name=sud_delo,ordjonikidzovsky--bkr.sudrf.ru,Орджоникидзевский районный суд г. Уфы,,1,1,[1],,,,party_search_page_confirmed_srv1_cards_pending,False
19,first_instance,TERRITORIAL_COURT_7956,03RS0007,Советский районный суд г. Уфы,"450059, г. Уфа, Б.Гражданская, 24",https://sovetsky.bkr.sudrf.ru/modules.php?name=sud_delo,sovetsky--bkr.sudrf.ru,Советский районный суд г. Уфы,,1,1,[1],,,,party_search_page_confirmed_srv1_cards_pending,False
20,judicial_presence,TERRITORIAL_COURT_7957,03RS0049_Agidel,"Краснокамский межрайонный суд РБ, судебное присутствие в г.Агидель","452920, Республики Башкортостан, г. Агидель, ул. Мира, д. 11",https://krasnokamsky.bkr.sudrf.ru/modules.php?name=sud_delo,krasnokamsky--bkr.sudrf.ru,Краснокамский межрайонный суд,54,,1,[1],913410001,2-е зд: Постоянное Судебное Присутствие в г.Агидель,named_catalog_entry,confirmed_shared_srv1_catalog_portfolio_completeness_unverified,False
21,first_instance,TERRITORIAL_COURT_7958,03RS0009,Белебеевский городской суд Республики Башкортостан,"452000, г. Белебей, ул. Пионерская, д.46",https://belebeevsky.bkr.sudrf.ru/modules.php?name=sud_delo,belebeevsky--bkr.sudrf.ru,Белебеевский городской суд,,1,1,[1],,,,party_search_page_confirmed_srv1_cards_pending,False
22,first_instance,TERRITORIAL_COURT_7960,03RS0011,Ишимбайский городской суд,"453205, Республика Башкортостан, г. Ишимбай, ул. Губкина, д. 52 А",https://ishimbaisky.bkr.sudrf.ru/modules.php?name=sud_delo,ishimbaisky--bkr.sudrf.ru,Ишимбайский городской суд,,1,1,[1],,,,party_search_page_confirmed_srv1_cards_pending,False
23,first_instance,TERRITORIAL_COURT_7962,03RS0013,Нефтекамский городской суд республики Башкортостан,"452680, Республика Башкортостан, г. Нефтекамск, ул. Нефтяников, д. 28",https://neftekamsky.bkr.sudrf.ru/modules.php?name=sud_delo,neftekamsky--bkr.sudrf.ru,Нефтекамский городской суд,,1,1,[1],,,,party_search_page_confirmed_srv1_cards_pending,False
24,first_instance,TERRITORIAL_COURT_7963,03RS0014,Октябрьский городской суд Республики Башкортостан,"452614, г. Октябрьский, ул. Девонская, д. 12",https://oktabrsky.bkr.sudrf.ru/modules.php?name=sud_delo,oktabrsky--bkr.sudrf.ru,Октябрьский городской суд,,1,1,[1],,,,party_search_page_confirmed_srv1_cards_pending,False
25,first_instance,TERRITORIAL_COURT_7964,03RS0015,Салаватский городской суд,"453250, Республика Башкортостан, г. Салават, ул. Губкина, д.16",https://salavatsky.bkr.sudrf.ru/modules.php?name=sud_delo,salavatsky--bkr.sudrf.ru,Салаватский городской суд,,1,1,[1],,,,party_search_page_confirmed_srv1_cards_pending,False
26,first_instance,TERRITORIAL_COURT_7965,03RS0016,Сибайский городской суд,"453830, Республика Башкортостан, г. Сибай, ул. К. Цеткин, д. 1/2",https://sibaisky.bkr.sudrf.ru/modules.php?name=sud_delo,sibaisky--bkr.sudrf.ru,Сибайский городской суд,,1,1,[1],,,,party_search_page_confirmed_srv1_cards_pending,False
27,first_instance,TERRITORIAL_COURT_7966,03RS0017,Стерлитамакский городской суд Республики Башкортостан,"453126, г. Стерлитамак, ул. Вокзальная, д. 1 А",https://sterlitamaksky.bkr.sudrf.ru/modules.php?name=sud_delo,sterlitamaksky--bkr.sudrf.ru,Стерлитамакский городской суд,,1,1,[1],,,,party_search_page_confirmed_srv1_cards_pending,False
28,first_instance,TERRITORIAL_COURT_7968,03RS0019,Абзелиловский районный суд,"453620, Республика Башкортостан, Абзелиловский район, с. Аскарово, ул. Коммунистическая, 16",https://abzelilovsky.bkr.sudrf.ru/modules.php?name=sud_delo,abzelilovsky--bkr.sudrf.ru,Абзелиловский районный суд,,1,1,[1],,,,party_search_page_confirmed_srv1_cards_pending,False
29,first_instance,TERRITORIAL_COURT_7969,03RS0020,Альшеевский районный суд,"452120, Республика Башкортостан, с. Раевский, ул. Свободы, д. 100/2",https://alsheevsky.bkr.sudrf.ru/modules.php?name=sud_delo,alsheevsky--bkr.sudrf.ru,Альшеевский районный суд,,1,1,[1],,,,party_search_page_confirmed_srv1_cards_pending,False
30,judicial_presence,TERRITORIAL_COURT_7970,03RS0048_Arhangelskoe,Кармаскалинский межрайонный суд Республики Башкортостан ( судебное присутствие в с. Архангельское),"453030, Республика Башкортостан, Архангельский район, с. Архангельское, ул. Советская, 37",https://karmaskalinsky.bkr.sudrf.ru/modules.php?name=sud_delo,karmaskalinsky--bkr.sudrf.ru,Кармаскалинский межрайонный суд,53,,1,[1],913410000,Постоянное судебное присутствие в с. Архангельское,named_catalog_entry,confirmed_shared_srv1_catalog_portfolio_completeness_unverified,False
31,judicial_presence,TERRITORIAL_COURT_7971,03RS0047_Askino,Караидельский межрайонный суд Республики Башкортостан (судебное присутствие в с. Аскино),"452380, Республика Башкортостан, Аскинский район, с. Аскино, ул. Пионерская, 20",https://karaidelsky.bkr.sudrf.ru/modules.php?name=sud_delo,karaidelsky--bkr.sudrf.ru,Караидельский межрайонный суд,52,,1,[1],913410001,Постоянное судебное присутствие в с.Аскино,named_catalog_entry,confirmed_shared_srv1_catalog_portfolio_completeness_unverified,False
32,judicial_presence,TERRITORIAL_COURT_7972,03RS0037_Tolbazi,Гафурийский межрайонный суд Республики Башкортостан (судебное пристуствие с. Толбазы),"452280, Республика Башкортостан, Аургазинский район, с. Толбазы, ул. Первомайская, 17",https://gafuriysky.bkr.sudrf.ru/modules.php?name=sud_delo,gafuriysky--bkr.sudrf.ru,Гафурийский межрайонный суд,42,,1,[1],913410000,Постоянное судебное присутствие в с. Толбазы Аургазинского района,named_catalog_entry,confirmed_shared_srv1_catalog_portfolio_completeness_unverified,False
33,first_instance,TERRITORIAL_COURT_7973,03RS0024,Баймакский районный суд Республики Башкортостан,"453630, Республика Башкортостан, Баймакский район, г. Баймак, ул. Революционная, 27",https://baimaksky.bkr.sudrf.ru/modules.php?name=sud_delo,baimaksky--bkr.sudrf.ru,Баймакский районный суд,,1,1,[1],,,,party_search_page_confirmed_srv1_cards_pending,False
34,judicial_presence,TERRITORIAL_COURT_7974,03RS0068_Bakali,Чекмагушевский межрайонный суд Республики Башкортостан (судебное присутствие в с. Бакалы),"452650, Республика Башкортостан, Бакалинский район, с. Бакалы, ул. Ленина, 118",https://chekmagushevsky.bkr.sudrf.ru/modules.php?name=sud_delo,chekmagushevsky--bkr.sudrf.ru,Чекмагушевский межрайонный суд,70,,1,[1],913410000,Постоянное судебное присутствие в с.Бакалы,named_catalog_entry,confirmed_shared_srv1_catalog_portfolio_completeness_unverified,False
35,first_instance,TERRITORIAL_COURT_7977,03RS0028,Белокатайский межрайонный суд Республики Башкортостан,"452580, Республика Башкортостан, Белокатайский район, с. Н. Белокатай, ул. Школьная, 20",https://belokataisky.bkr.sudrf.ru/modules.php?name=sud_delo,belokataisky--bkr.sudrf.ru,Белокатайский межрайонный суд,,1,1,[1],,,,party_search_page_confirmed_srv1_cards_pending,False
36,first_instance,TERRITORIAL_COURT_7978,03RS0010,Белорецкий межрайонный суд Республики Башкортостан,"453500, Республика Башкортостан, Белорецкий район, г. Белорецк, ул. Пушкина, д. 61",https://belorecky.bkr.sudrf.ru/modules.php?name=sud_delo,belorecky--bkr.sudrf.ru,Белорецкий межрайонный суд,,1,1,[1],,,,party_search_page_confirmed_srv1_cards_pending,False
37,first_instance,TERRITORIAL_COURT_7979,03RS0030,Бижбулякский районный суд Республики Башкортостан,"452040, Республика Башкортостан, Бижбулякский район, с. Бижбуляк, ул. Советская, 33",https://bizhbuliaksky.bkr.sudrf.ru/modules.php?name=sud_delo,bizhbuliaksky--bkr.sudrf.ru,Бижбулякский межрайонный суд,,1,1,[1],,,,party_search_page_confirmed_srv1_cards_pending,False
38,first_instance,TERRITORIAL_COURT_7980,03RS0031,Благоварский межрайонный суд Республики Башкортостан,"452740, Республика Башкортостан, Благоварский район, с. Языково, ул. Пушкина, 15",https://blagovarsky.bkr.sudrf.ru/modules.php?name=sud_delo,blagovarsky--bkr.sudrf.ru,Благоварский межрайонный суд,,1,1,[1],,,,party_search_page_confirmed_srv1_cards_pending,False
39,first_instance,TERRITORIAL_COURT_7981,03RS0032,Бирский межрайонный суд Республики Башкортостан,"452450, Республика Башкортостан, Бирский район, г. Бирск, ул. Коммунистическая, 29",https://birsky.bkr.sudrf.ru/modules.php?name=sud_delo,birsky--bkr.sudrf.ru,Бирский межрайонный суд,,1,1,[1],,,,party_search_page_confirmed_srv1_cards_pending,False
40,first_instance,TERRITORIAL_COURT_7982,03RS0033,Благовещенский районный суд Республики Башкортостан,"453431, Республика Башкортостан, г. Благовещенск, ул. Комарова, д.21, кор. 2",https://blagoveschensky.bkr.sudrf.ru/modules.php?name=sud_delo,blagoveschensky--bkr.sudrf.ru,Благовещенский районный суд,,1,1,[1],,,,party_search_page_confirmed_srv1_cards_pending,False
41,judicial_presence,TERRITORIAL_COURT_7983,03RS0031_Buzdiak,Благоварский межрайонный суд Республики Башкортостан (судебное пристуствие в с. Буздяк),"452710, Республика Башкортостан, Буздякский район, с. Буздяк, ул. Гагарина, 8",https://blagovarsky.bkr.sudrf.ru/modules.php?name=sud_delo,blagovarsky--bkr.sudrf.ru,Благоварский межрайонный суд,38,,1,[1],913410001,Постоянное судебное присутствие в с. Буздяк,named_catalog_entry,confirmed_shared_srv1_catalog_portfolio_completeness_unverified,False
42,first_instance,TERRITORIAL_COURT_7986,03RS0037,Гафурийский межрайонный суд Республики Башкортостан,"453050, Республика Башкортостан, Гафурийский район, п. Красноусольский, ул. Коммунистическая, д. 25",https://gafuriysky.bkr.sudrf.ru/modules.php?name=sud_delo,gafuriysky--bkr.sudrf.ru,Гафурийский межрайонный суд,,1,1,[1],,,,party_search_page_confirmed_srv1_cards_pending,False
43,first_instance,TERRITORIAL_COURT_7987,03RS0038,Давлекановский районный суд Республики Башкортостан,"453400, Республика Башкортостан, Давлекановский район, г. Давлеканово, ул. Садовая, 19",https://davlekanovsky.bkr.sudrf.ru/modules.php?name=sud_delo,davlekanovsky--bkr.sudrf.ru,Давлекановский районный суд,,1,1,[1],,,,party_search_page_confirmed_srv1_cards_pending,False
44,judicial_presence,TERRITORIAL_COURT_7988,03RS0059_Mesagutovo,Салаватский межрайонный суд Республики Башкортостан (судебное присутствие в с. Месягутово),"452530, с. Месягутово, ул. И. Усова, д. 16",https://salavatskiy.bkr.sudrf.ru/modules.php?name=sud_delo,salavatskiy--bkr.sudrf.ru,Салаватский межрайонный суд,63,,1,[1],913410000,Здание 2 (бывший Дуванский районный суд),catalog_and_official_contacts,confirmed_shared_srv1_catalog_portfolio_completeness_unverified,False
45,first_instance,TERRITORIAL_COURT_7989,03RS0040,Дюртюлинский районный суд,"452320, Республика Башкортостан, Дюртюлинский район, г. Дюртюли, ул. Седова, 22",https://diurtiulinsky.bkr.sudrf.ru/modules.php?name=sud_delo,diurtiulinsky--bkr.sudrf.ru,Дюртюлинский районный суд,,1,1,[1],,,,party_search_page_confirmed_srv1_cards_pending,False
46,judicial_presence,TERRITORIAL_COURT_7990,03RS0030_Ermekeevo,Бижбулякский межрайонный суд Республики Башкортостан (судебное присутствие в с. Ермекеево),"452040, Республика Башкортостан, Бижбулякский район, с. Бижбуляк, ул. Советская, 33",https://bizhbuliaksky.bkr.sudrf.ru/modules.php?name=sud_delo,bizhbuliaksky--bkr.sudrf.ru,Бижбулякский межрайонный суд,37,,1,[1],913410000,Постоянное судебное присутствие в с. Ермекеево Ермекеевского района,named_catalog_entry,confirmed_shared_srv1_catalog_portfolio_completeness_unverified,False
47,judicial_presence,TERRITORIAL_COURT_7991,03RS0051_Isangulovo,Кугарчинский межрайонный суд Республики Башкортостан (судебное присутствие в с. Исянгулово),"453380, Республика Башкортостан, Зианчуринский район, с.Исянгулово, ул.Комсомольская, д.10б",https://kugarchinsky.bkr.sudrf.ru/modules.php?name=sud_delo,kugarchinsky--bkr.sudrf.ru,Кугарчинский межрайонный суд,56,,1,[1],913410001,Кугарчинский Межрайонный суд Республики Башкортостан (ПСП с.Исянгулово),named_catalog_entry,confirmed_shared_srv1_catalog_portfolio_completeness_unverified,False
48,first_instance,TERRITORIAL_COURT_7992,03RS0043,Зилаирский межрайонный суд Республики Башкортостан,"453680, Республика Башкортостан, Зилаирский район, с. Зилаир, ул. Ленина, 35",https://zilairsky.bkr.sudrf.ru/modules.php?name=sud_delo,zilairsky--bkr.sudrf.ru,Зилаирский межрайонный суд,,1,1,[1],,,,party_search_page_confirmed_srv1_cards_pending,False
49,first_instance,TERRITORIAL_COURT_7993,03RS0044,Иглинский межрайонный суд Республики Башкортостан,"452410, Республика Башкортостан, Иглинский. район, п. Иглино, ул. Ленина, д. 97",https://iglinsky.bkr.sudrf.ru/modules.php?name=sud_delo,iglinsky--bkr.sudrf.ru,Иглинский межрайонный суд,,1,1,[1],,,,party_search_page_confirmed_srv1_cards_pending,False
50,first_instance,TERRITORIAL_COURT_7994,03RS0045,Илишевский районный суд Республики Башкортостан,"452260, Республика Башкортостан, Илишевский район, с. Верхнее Яркеево, ул. Коммунистическая, 17",https://ilishevsky.bkr.sudrf.ru/modules.php?name=sud_delo,ilishevsky--bkr.sudrf.ru,Илишевский районный суд,,1,1,[1],,,,party_search_page_confirmed_srv1_cards_pending,False
51,judicial_presence,TERRITORIAL_COURT_7995,03RS0049_Kaltasi,Краснокамский межрайонный суд Республики Башкортостан (судебное присутсвие в с. Калтасы),"452860, Республика Башкортостан, Калтасинский район, с. Калтасы, ул. К. Маркса, д. 84",https://krasnokamsky.bkr.sudrf.ru/modules.php?name=sud_delo,krasnokamsky--bkr.sudrf.ru,Краснокамский межрайонный суд,54,,1,[1],913410002,3-е зд: Постоянное Судебное Присутствие в с.Калтасы,named_catalog_entry,confirmed_shared_srv1_catalog_portfolio_completeness_unverified,False
52,first_instance,TERRITORIAL_COURT_7996,03RS0047,Караидельский межрайонный суд Республики Башкортостан,"452360, Республика Башкортостан, Караидельский район, с. Караидель, ул. Романова, 16",https://karaidelsky.bkr.sudrf.ru/modules.php?name=sud_delo,karaidelsky--bkr.sudrf.ru,Караидельский межрайонный суд,,1,1,[1],,,,party_search_page_confirmed_srv1_cards_pending,False
53,first_instance,TERRITORIAL_COURT_7997,03RS0048,Кармаскалинский межрайонный суд Республики Башкортостан,"453020, Республика Башкортостан, Кармаскалинский район, с. Кармаскалы, ул. Кирова, 36",https://karmaskalinsky.bkr.sudrf.ru/modules.php?name=sud_delo,karmaskalinsky--bkr.sudrf.ru,Кармаскалинский межрайонный суд,,1,1,[1],,,,party_search_page_confirmed_srv1_cards_pending,False
54,first_instance,TERRITORIAL_COURT_7998,03RS0049,Краснокамский межрайонный суд Республики Башкортостан,"452930, Республика Башкортостан, Краснокамский район, с. Николо-Березовка, ул. К. Маркса, 8",https://krasnokamsky.bkr.sudrf.ru/modules.php?name=sud_delo,krasnokamsky--bkr.sudrf.ru,Краснокамский межрайонный суд,,1,1,[1],,,,party_search_page_confirmed_srv1_cards_pending,False
55,judicial_presence,TERRITORIAL_COURT_7999,03RS0012_Ermolaevo,Кумертауский межрайонный суд Республики Башкортостан (судебное присутствие в с. Ермолаево),"453361, Республика Башкортостан, Куюргазинский район, с. Ермолаево, ул. Чапаева, 2",https://kumertauskiy.bkr.sudrf.ru/modules.php?name=sud_delo,kumertauskiy--bkr.sudrf.ru,Кумертауский межрайонный суд,5,,1,[1],913410001,Постоянное судебное присутствие,inferred_from_unique_presence_and_live_listing,confirmed_shared_srv1_catalog_portfolio_completeness_unverified,False
56,first_instance,TERRITORIAL_COURT_8000,03RS0051,Кугарчинский межрайонный суд Республики Башкортостан,"453330, Республика Башкортостан, Кугарчинский район, с. Мраково, ул. Ленина, 9",https://kugarchinsky.bkr.sudrf.ru/modules.php?name=sud_delo,kugarchinsky--bkr.sudrf.ru,Кугарчинский межрайонный суд,,1,1,[1],,,,party_search_page_confirmed_srv1_cards_pending,False
57,judicial_presence,TERRITORIAL_COURT_8001,03RS0028_Kigi,Белокатайский межрайонный суд Республики Башкортостан (судебное присутствие в с.Верхние Киги),"452500, Республика Башкортостан, Кигинский район, с. Верхние Киги, ул. Ленина, 77",https://belokataisky.bkr.sudrf.ru/modules.php?name=sud_delo,belokataisky--bkr.sudrf.ru,Белокатайский межрайонный суд,35,,1,[1],913410001,Постоянное судебное присутствие в с. В. Киги Кигинского района Республики Башкортостан,named_catalog_entry,confirmed_shared_srv1_catalog_portfolio_completeness_unverified,False
58,first_instance,TERRITORIAL_COURT_8002,03RS0053,Кушнаренковский районный суд,"452230, Республика Башкортостан, Кушнаренковский район, с. Кушнаренково, ул. Октябрьская, 62",https://kushnarenkovsky.bkr.sudrf.ru/modules.php?name=sud_delo,kushnarenkovsky--bkr.sudrf.ru,Кушнаренковский районный суд,,1,1,[1],,,,party_search_page_confirmed_srv1_cards_pending,False
59,first_instance,TERRITORIAL_COURT_8003,03RS0054,Мелеузовский районный суд Республики Башкортостан,"453850, Республика Башкортостан, г. Мелеуз, ул. Советская, д. 3",https://meleuzovsky.bkr.sudrf.ru/modules.php?name=sud_delo,meleuzovsky--bkr.sudrf.ru,Мелеузовский районный суд,,1,1,[1],,,,party_search_page_confirmed_srv1_cards_pending,False
60,judicial_presence,TERRITORIAL_COURT_8004,03RS0028_Bolsheustikinskoe,Белокатайский межрайонный суд Республики Башкортостан (Судебное присутствие в с.Большеустьикинское),"452550, Республика Башкортостан, Мечетлинский район, с. Большеустьикинское, ул. Советская, 25",https://belokataisky.bkr.sudrf.ru/modules.php?name=sud_delo,belokataisky--bkr.sudrf.ru,Белокатайский межрайонный суд,35,,1,[1],913410002,Постоянное судебное присутствие в с. Большеустьикинское Мечетлинского района,named_catalog_entry,confirmed_shared_srv1_catalog_portfolio_completeness_unverified,False
61,judicial_presence,TERRITORIAL_COURT_8006,03RS0032_Mishkino,Бирский межрайонный суд Республики Башкортостан (судебное присутствие в с. Мишкино),"452340, Республика Башкортостан, Мишкинский район, с. Мишкино, ул. Дружбы, 29",https://birsky.bkr.sudrf.ru/modules.php?name=sud_delo,birsky--bkr.sudrf.ru,Бирский межрайонный суд,39,,1,[1],913410001,Бирский межрайонный суд Постоянное судебное присутствие в с.Мишкино,named_catalog_entry,confirmed_shared_srv1_catalog_portfolio_completeness_unverified,False
62,judicial_presence,TERRITORIAL_COURT_8007,03RS0044_Gorka,Иглинский межрайонный суд Республики Башкортостан (судебное присутствие в с. Красная горка),"452440, Республика Башкортостан, Нуримановский район, с. Красная Горка, ул. Советская, 64",https://iglinsky.bkr.sudrf.ru/modules.php?name=sud_delo,iglinsky--bkr.sudrf.ru,Иглинский межрайонный суд,49,,1,[1],913410001,Постоянное судебное присутствие с. Красная Горка Нуримановского района,named_catalog_entry,confirmed_shared_srv1_catalog_portfolio_completeness_unverified,False
63,first_instance,TERRITORIAL_COURT_8008,03RS0059,Салаватский межрайонный суд Республики Башкортостан,"452490, Республика Башкортостан, Салаватский район, с. Малояз, ул. Советская, 61",https://salavatskiy.bkr.sudrf.ru/modules.php?name=sud_delo,salavatskiy--bkr.sudrf.ru,Салаватский межрайонный суд,,1,1,[1],,,,party_search_page_confirmed_srv1_cards_pending,False
64,first_instance,TERRITORIAL_COURT_8009,03RS0060,Стерлибашевский межрайонный суд Ресублики Башкортостан,"453180, Республика Башкортостан, Стерлибашевский район, с. Стерлибашево, ул. Ленина, 109",https://sterlibashevsky.bkr.sudrf.ru/modules.php?name=sud_delo,sterlibashevsky--bkr.sudrf.ru,Стерлибашевский межрайонный суд,,1,1,[1],,,,party_search_page_confirmed_srv1_cards_pending,False
65,judicial_presence,TERRITORIAL_COURT_8011,03RS0025_Tatishli,Балтачевский межрайонный суд Республики Башкортостан (судебное присутствие в с.Верхние Татышлы),"452830, Республика Башкортостан, Татышлинский район, с. Верхние Татышлы, ул. Ленина, 82",https://baltachevsky.bkr.sudrf.ru/modules.php?name=sud_delo,baltachevsky--bkr.sudrf.ru,Балтачевский межрайонный суд,10,,1,[1],913410001,Постоянное судебное присутствие в с. Верхние Татышлы Татышлинского района Республики Башкортостан,named_catalog_entry,confirmed_shared_srv1_catalog_portfolio_completeness_unverified,False
66,first_instance,TERRITORIAL_COURT_8012,03RS0063,Туймазинский межрайонный суд Республики Башкортостан,"452750, Республика Башкортостан, г. Туймазы, ул. Пугачева, д. 10",https://tuimazinsky.bkr.sudrf.ru/modules.php?name=sud_delo,tuimazinsky--bkr.sudrf.ru,Туймазинский межрайонный суд,,1,1,[1],,,,party_search_page_confirmed_srv1_cards_pending,False
67,first_instance,TERRITORIAL_COURT_8013,03RS0064,Уфимский районный суд,"450103, г. Уфа, ул. Сочинская, д. 12",https://ufimsky.bkr.sudrf.ru/modules.php?name=sud_delo,ufimsky--bkr.sudrf.ru,Уфимский районный суд,,1,1,[1],,,,party_search_page_confirmed_srv1_cards_pending,False
68,first_instance,TERRITORIAL_COURT_8014,03RS0065,Учалинский районный суд,"453700, Республика Башкортостан, г. Учалы, ул. Ленина, д. 12",https://uchalinsky.bkr.sudrf.ru/modules.php?name=sud_delo,uchalinsky--bkr.sudrf.ru,Учалинский районный суд,,1,1,[1],,,,party_search_page_confirmed_srv1_cards_pending,False
69,judicial_presence,TERRITORIAL_COURT_8015,03RS0060_Fedorovkla,Стерлибашевский межрайонный суд Ресублики Башкорстостан (судебное присутствие в с. Федоровка),"453280, Республика Башкортостан, Федоровский район, с. Федоровка, ул. Ленина, 42",https://sterlibashevsky.bkr.sudrf.ru/modules.php?name=sud_delo,sterlibashevsky--bkr.sudrf.ru,Стерлибашевский межрайонный суд,64,,1,[1],913410001,Постоянное судебное присутствие в с. Федоровка,named_catalog_entry,confirmed_shared_srv1_catalog_portfolio_completeness_unverified,False
70,first_instance,TERRITORIAL_COURT_8017,03RS0068,Чекмагушевский межрайонный суд Республики Башкортостан,"452220, Республика Башкортостан, Чекмагушевский район, с. Чекмагуш, ул. Салавата, 1",https://chekmagushevsky.bkr.sudrf.ru/modules.php?name=sud_delo,chekmagushevsky--bkr.sudrf.ru,Чекмагушевский межрайонный суд,,1,1,[1],,,,party_search_page_confirmed_srv1_cards_pending,False
71,first_instance,TERRITORIAL_COURT_8018,03RS0069,Чишминский районный суд Республики Башкортостан,"452170, Республика Башкортостан, Чишминский район, п. Чишмы, ул. Первомайская, 26",https://chishmilinsky.bkr.sudrf.ru/modules.php?name=sud_delo,chishmilinsky--bkr.sudrf.ru,Чишминский районный суд,,1,1,[1],,,,party_search_page_confirmed_srv1_cards_pending,False
72,judicial_presence,TERRITORIAL_COURT_8019,03RS0063_Sharan,Туймазинский межрайонный суд Республики Башкортостан (судебное присутствие в с. Шаран),"452630, Республика Башкортостан, Шаранский район, с. Шаран, ул. Луговая, д. 41",https://tuimazinsky.bkr.sudrf.ru/modules.php?name=sud_delo,tuimazinsky--bkr.sudrf.ru,Туймазинский межрайонный суд,66,,1,[1],913410001,Постоянное судебное присутствие в с.Шаран Республики Башкортостан,named_catalog_entry,confirmed_shared_srv1_catalog_portfolio_completeness_unverified,False
73,first_instance,TERRITORIAL_COURT_8020,03RS0071,Янаульский районный суд Республики Башкортостан,"452800, Республика Башкортостан, г. Янаул, ул. Крестьянская, д. 18",https://yanaulsky.bkr.sudrf.ru/modules.php?name=sud_delo,yanaulsky--bkr.sudrf.ru,Янаульский районный суд,,1,1,[1],,,,party_search_page_confirmed_srv1_cards_pending,False
,cassation,,,Шестой кассационный суд общей юрисдикции,,https://6kas.sudrf.ru/,6kas.sudrf.ru,Шестой кассационный суд общей юрисдикции,,1,,[1],,,,form_and_one_card_observed_mac,False
